steps,vector_magnitude
5524.100742023931,568.4149982974624
4902.367692008209,498.69922790488005
5679.046745775589,616.0853338271188
5504.86783228023,551.9933802994527
5351.812761209122,513.7477327569662
5459.460953875431,512.055404711439
5280.037887337591,539.8316777719127
