MEQ,PSQI,STAI,PANAS_positive,PANAS_negative,BIS,BAS
49.87375593580624,15.409134776982235,47.91004031022628,29.04924252311033,41.03333033891089,17.64369698631711,39.73788477924983
