melatonin,cortisol
5.00773279960819,22.233987614631168
4.452731663451274,21.33863476480795
5.428585126577013,24.61285887298776
5.870684693503908,27.78745198684416
4.213066166642012,28.513765536836548
