total_sleep_time,total_minutes_in_bed,WASO,awakenings,fragmentation_index
310.81896298430814,476.04919833484337,165.23023535053522,3,31.021738452650894
346.319887067357,509.0946451653797,162.7747580980227,3,29.640955015951207
250.09136850570107,411.2070023335184,161.11563382781733,3,40.02816716084509
266.62151760857364,429.9328758163007,163.31135820772704,3,34.485353748817246
318.8542181961464,505.3316276984349,186.47740950228848,2,38.65411807091177
328.5505935417401,507.8872306134514,179.33663707171127,4,31.06724508081576
338.5377693388286,487.08097962364775,148.54321028481917,3,35.11332817557627
