steps,vector_magnitude
8405.887705105844,837.6879998700326
7223.628740454654,698.791440394655
7555.839919168711,741.9494868708769
6884.8955056923405,730.125603366522
6713.434159213054,680.3484937971158
6645.294741345045,673.8219851522657
5913.032828741979,598.8332132409024
