MEQ,PSQI,STAI,PANAS_positive,PANAS_negative,BIS,BAS
68.4060026580769,5.243808166725398,39.766783507705135,34.221265652041666,17.634409010564774,18.52998423173646,40.66424019666635
