melatonin,cortisol
18.46669458407251,11.811397245667074
19.775770392694245,11.621225313901462
20.15028517543645,12.447613903457878
16.498108623325088,11.157314508630186
21.605586794445745,11.415239888160672
