total_sleep_time,total_minutes_in_bed,WASO,awakenings,fragmentation_index
370.6185035283248,460.4194448123692,89.80094128404437,1,22.074995456378463
492.2460457132849,539.6652615514579,47.41921583817299,1,7.878709811154124
346.2721533996544,377.956945245442,31.684791845787572,1,7.954846478689223
455.69715590435084,506.16440666133224,50.4672507569814,1,7.3821301638516355
423.63782265230725,470.7209499822312,47.08312732992397,1,14.681426617509588
408.67173187741884,476.8749896063264,68.20325772890754,1,10.995416409743354
383.34595308762346,451.8071363971503,68.46118330952686,2,16.08050143744775
