steps,vector_magnitude
8349.082615987745,791.3695693694993
8819.510042422567,893.8074574394093
8657.180485487854,816.9420702294775
7684.548129189853,729.7310057947001
8569.151048814225,897.08708812691
6541.926594793965,649.8276126580381
7028.0513588733365,747.7501234827342
