MEQ,PSQI,STAI,PANAS_positive,PANAS_negative,BIS,BAS
39.937146486685954,3.882167148255835,29.467574459799522,31.85576496751404,15.460084970964612,24.75474054400371,31.375806352688045
