melatonin,cortisol
11.627590753595783,8.329359230243487
15.383136870241524,8.624233403534399
15.671534854069634,9.409732539283175
11.927578744527953,9.899242698906136
15.99119962570762,7.605108366485276
