total_sleep_time,total_minutes_in_bed,WASO,awakenings,fragmentation_index
426.7065127320317,472.3526142257713,45.64610149373959,1,12.26639812698988
471.4949579169403,531.4648869281658,59.96992901122553,1,10.721623167725035
451.08781834892375,515.2202302668269,64.13241191790314,1,12.326436225972802
471.43605337731657,533.4275950001679,61.991541622851344,1,12.58110791549658
499.23422404678263,525.9157093496932,26.681485302910573,1,5.638310987411241
433.59552934513687,480.55200112132565,46.95647177618878,1,13.304472089633135
371.93756963549504,389.77111513068223,17.833545495187195,1,9.39991247703501
