steps,vector_magnitude
2042.6707348860436,247.19838083889493
1969.9017698792904,223.50751023457053
1922.973949663973,147.52289590695824
2215.246179925737,204.1333490385565
2332.9732334322853,206.70704110939232
1827.1991728060611,220.6272488147471
1730.3637916086143,196.91359199620086
