MEQ,PSQI,STAI,PANAS_positive,PANAS_negative,BIS,BAS
38.99742728654911,17.54140699240811,40.28538334002179,18.849922076457318,28.240117735084155,15.49255057608597,32.74782677195016
