melatonin,cortisol
3.8362908012153736,27.114510556077544
4.083315018399763,26.76349927256261
3.8285654291185227,27.489313064030775
4.458268868571417,28.33651025177655
4.472903915979074,27.429291878931412
