total_sleep_time,total_minutes_in_bed,WASO,awakenings,fragmentation_index
146.59183145586522,388.6271396012766,242.0353081454114,5,65.4182507880435
156.57416259407063,376.29002104658485,219.71585845251423,6,59.61569807100072
194.0814831237012,464.1458961425237,270.0644130188225,6,59.13515420028865
194.86929384043296,537.013195138801,342.14390129836806,7,59.75173826229455
203.17448378441804,502.7160286377846,299.54154485336653,5,57.83351954657719
219.26490772678204,523.5140831540114,304.2491754272293,5,56.57263307015092
145.1437298397155,384.6800816274121,239.53635178769662,7,66.74672766987209
