steps,vector_magnitude
664.3135526355892,81.46631289219528
735.6027686515777,91.91147121757352
700.9444087986569,62.55798069926702
601.5253502741998,16.667933615455418
646.1114769861236,34.09529651982282
565.1820166075566,95.1854401626317
646.6986784292687,62.90001634248761
