MEQ,PSQI,STAI,PANAS_positive,PANAS_negative,BIS,BAS
36.216454956939415,18.233708236171964,51.324587589040696,16.00253210020363,28.209942921733997,27.670547587805636,38.47559100811688
