melatonin,cortisol
1.555826882727171,26.38834404602219
1.1851887883035204,24.825195085753293
1.387418378107568,25.825013831270375
1.57438501835896,25.27488083526807
1.3739342893246593,21.181889291278797
