total_sleep_time,total_minutes_in_bed,WASO,awakenings,fragmentation_index
228.07335716081596,439.82468647823663,211.75132931742067,5,45.27089557775176
190.91200522745785,374.96840817314336,184.0564029456855,3,48.39781234717391
255.27560873822,529.0730019869591,273.79739324873907,6,52.656432562212004
217.20047659112203,404.45307333551006,187.25259674438803,5,48.75103729177587
198.37237180695237,369.90867784370334,171.53630603675097,4,45.3476438036577
238.26077045681404,471.93182868644624,233.6710582296322,5,45.30836530009476
256.45441372865434,485.5150994183776,229.06068568972324,5,47.75585693504364
