steps,vector_magnitude
2405.433194550417,259.3818878983507
2779.212516709144,258.354015696208
2976.6438573957416,256.1554692591012
3019.7834651074763,284.10518395174336
2740.005847766105,259.0344408155552
2268.2208436358437,211.67457701205785
2346.562465247575,246.96068150644544
