MEQ,PSQI,STAI,PANAS_positive,PANAS_negative,BIS,BAS
34.63698831693695,11.531162116491688,58.36540662069182,23.483368341954325,25.683219512204335,25.467636427269316,39.85687111256294
