melatonin,cortisol
6.24343744566737,20.767268051563544
7.124925230823422,21.261915769062263
6.016587061686007,20.040081723528814
8.30883585118677,17.013670278493223
8.973766908326695,21.915870532986915
