total_sleep_time,total_minutes_in_bed,WASO,awakenings,fragmentation_index
266.5057454988222,372.8238527914348,106.31810729261258,3,23.879906403402654
342.48040459285403,497.7276819867219,155.24727739386788,2,29.13387010692806
286.517242006622,456.8244720495923,170.30723004297033,3,34.47335197509196
227.8294254476939,370.57791292383916,142.74848747614527,4,33.98783162350993
282.7802373033115,397.8802541961233,115.10001689281182,3,32.377551439193375
286.8692496256817,454.3012491330456,167.4319995073639,2,35.748870179376546
298.03556397527484,471.73847323230285,173.702909257028,4,39.47432420364961
