steps,vector_magnitude
10739.036108718139,1031.3833839989034
9863.595000717834,963.5542511822792
10340.728261481743,1052.732934753791
12439.994872242927,1232.8451966807907
10675.347724082685,1063.1528628658616
7945.1784686049805,809.5202006269758
8531.038235479991,870.9089332460989
