MEQ,PSQI,STAI,PANAS_positive,PANAS_negative,BIS,BAS
36.807282027622406,1.0151038186086359,35.49632759299524,41.83348390475303,12.190918861145395,26.39295899875423,29.92963346613177
