melatonin,cortisol
29.48759018171247,4.748053802028933
27.45217736196321,4.90006702123628
24.92961771530374,4.874477155571448
24.25902032177421,4.727404249130237
31.283061344731692,5.908023355010639
