total_sleep_time,total_minutes_in_bed,WASO,awakenings,fragmentation_index
387.6210438349747,455.1070552612265,67.48601142625176,1,12.737539593113203
431.27129935627823,490.8523662817869,59.58106692550865,1,9.50355220974847
470.8981180700659,502.4078069483329,31.509688878267013,1,1.5400220356503533
371.44937482700095,390.0852036977477,18.635828870746764,1,5.816620924916261
416.41012987604825,487.14682141952835,70.7366915434801,1,15.828620450983495
356.15678191739585,366.4938230872843,10.337041169888437,1,4.788300354178219
420.82709070685496,481.3287498062808,60.501659099425865,2,17.047759824342833
