steps,vector_magnitude
10644.48655885471,1085.578424086453
9746.41127423019,934.9283938330207
9933.754112428995,953.6807649328293
11288.295910892926,1148.9120995081648
10116.180770000923,978.1885998818276
8433.252456048069,809.9956468728966
7716.169362650156,799.0067273425042
