MEQ,PSQI,STAI,PANAS_positive,PANAS_negative,BIS,BAS
40.57641192216418,0.7949882426631603,24.515626536226215,43.79940735808287,11.7894174097908,29.576060612415993,28.18459410012829
