melatonin,cortisol
22.994604913109978,3.1525926871144807
22.419706882235975,3.534280494973184
21.93540678537898,2.7871570363308535
26.25398047594967,2.819462416753554
31.81616826047958,2.8842793235939372
