total_sleep_time,total_minutes_in_bed,WASO,awakenings,fragmentation_index
499.41376063086994,527.7590228748296,28.345262243959667,1,8.283314622437013
485.05677818892923,531.4744900413732,46.41771185244397,1,12.42269389088067
395.05302654833423,437.8077356977883,42.75470914945407,1,5.7464777395229465
495.1313753799504,498.7271169140642,3.595741534113813,1,0.0
373.824157346932,426.8090335141512,52.98487616721923,1,10.651419352015413
382.51138871404214,394.2224788435346,11.711090129492447,1,0.0
331.4996271736091,377.19789262348934,45.69826544988024,1,13.242438527339779
