steps,vector_magnitude
3642.782598888486,345.7514737437211
3254.5438545009406,360.29155045764065
3818.569264328661,366.36244123814026
3438.265596626281,295.45402766210873
3265.428117234693,308.30373268481964
2766.6420965174493,232.92149878922427
3458.484159180804,349.4885694415084
