MEQ,PSQI,STAI,PANAS_positive,PANAS_negative,BIS,BAS
49.5957747803954,11.674281795252945,55.18385497540409,22.650477872301817,30.720755339647656,21.923306900234408,25.889491369156325
