melatonin,cortisol
4.3440326379489,16.950471404307695
5.552880825672826,15.883192717962347
5.743977550512832,18.452616341360542
4.7706706043844465,18.78710386111103
4.754987867791443,15.869484332928872
