total_sleep_time,total_minutes_in_bed,WASO,awakenings,fragmentation_index
233.53168079877324,399.6681654791146,166.13648468034134,5,41.94710811289813
315.5138179056544,502.3249914936191,186.81117358796473,3,34.00674193006787
250.35028195670841,395.36053906812595,145.01025711141753,4,41.359160233692066
297.61308114946144,493.6206534020658,196.00757225260435,3,43.76805060479575
261.6926766351714,396.04401280756065,134.35133617238927,2,30.379210368014
281.16218230686474,494.279495300625,213.11731299376027,3,47.27092758276449
290.26634527075544,453.53825619823715,163.2719109274817,4,36.57546959459181
