steps,vector_magnitude
11449.737155665523,1144.5985488866897
9260.839770045217,935.2604056272761
10784.796388296792,1035.414557769468
12018.008183242315,1204.3746550730293
11736.920091031716,1130.2296325944008
8535.655658398025,856.638949253213
8031.745939790516,775.9873040233888
