MEQ,PSQI,STAI,PANAS_positive,PANAS_negative,BIS,BAS
46.16548208891804,3.610977379488824,34.75454910556346,30.9112409473019,16.99114831231923,21.738469019938655,30.55336439280405
