melatonin,cortisol
15.145441940792518,7.89849256358137
11.664458577598602,9.251870261754023
11.605023406059582,8.792217811317549
13.733524943930249,7.9220763038596465
16.445583230425637,8.347572449318104
