total_sleep_time,total_minutes_in_bed,WASO,awakenings,fragmentation_index
358.46126852509735,424.6127260121887,66.15145748709136,1,17.93173822819969
331.23833555196273,415.1053148115956,83.86697925963284,2,19.007039359007468
456.1337492426794,512.4188553861018,56.285106143422354,1,15.114426828658749
353.31181468424023,396.8210082358539,43.50919355161369,2,13.845932615304623
318.6535192167866,397.3093121868863,78.6557929700997,1,22.379015935424164
300.29741598039686,379.961132878504,79.66371689810711,2,20.876782631985236
419.8155829259283,492.6364236919993,72.820840766071,1,19.670395369317575
