steps,vector_magnitude
8166.060731545214,777.8026114126101
7683.491337176277,767.8268032600173
7656.88157185321,797.0328640597091
7038.128623691939,699.0559100874791
7429.2409298903285,759.7419698082705
6980.787542593402,733.7691848946065
6244.4729007418955,587.4993673831235
