MEQ,PSQI,STAI,PANAS_positive,PANAS_negative,BIS,BAS
34.98240069764444,8.106563229757702,58.381349745630175,27.403708004885132,31.473405487170655,22.06484069953523,27.321903298067724
