melatonin,cortisol
11.426464738757334,12.912295245338457
12.613159252779537,14.607867274507761
15.010047185661007,14.4502567204096
15.757391721749974,12.36971921294391
15.799360199028838,16.073974317685323
