total_sleep_time,total_minutes_in_bed,WASO,awakenings,fragmentation_index
372.65056383365965,511.712296498809,139.06173266514935,3,28.134871480319152
347.39763313417046,444.99339501156544,97.59576187739498,1,19.39368181503167
325.44084419239573,450.08985208976804,124.64900789737231,3,31.53784163482108
340.435982559388,452.023645081636,111.58766252224802,2,24.66852095035723
287.11055036165027,360.65592626723713,73.54537590558687,1,18.624042035469756
322.32118217359977,414.506240720029,92.18505854642922,3,18.526207830422464
296.4292411747597,392.98832101037095,96.55907983561127,1,26.3593419003448
