steps,vector_magnitude
7644.087847560243,788.9152499870004
7300.74439151463,732.6001167632428
7748.961277950256,753.6430363137075
7769.3195800058065,794.5078978370009
8949.87262826782,889.0117352187696
7672.681637102437,803.8142070635375
7528.434312860853,798.7167422759269
