MEQ,PSQI,STAI,PANAS_positive,PANAS_negative,BIS,BAS
68.0324537439482,2.6461080902274414,39.3612468066024,34.1077022427803,20.566854782227363,27.592545760809863,33.90560896049442
