melatonin,cortisol
22.729075825549153,11.375623683994123
20.9917351417739,10.807343179235838
16.052344673881862,9.641116526948803
22.416668918759438,12.172899104193935
17.06281941155067,11.956374058495443
