total_sleep_time,total_minutes_in_bed,WASO,awakenings,fragmentation_index
304.9510107675124,365.1468908187037,60.195880051191295,1,13.911129981026892
361.70820049196806,381.70757788433946,19.9993773923714,1,4.804359996695631
363.5146704034653,417.51466092667266,53.99999052320737,1,12.120669073587147
375.09657873049343,402.9205362771966,27.823957546703184,1,11.167363291597857
421.76453848992065,502.1013476452496,80.33680915532892,1,20.02722526707488
432.1903539628146,504.6120452356693,72.42169127285473,1,11.087043181240514
309.0742205156772,372.002582380168,62.928361864490796,1,21.54689798299281
