steps,vector_magnitude
8287.146840458008,854.91315014753
8373.584389162914,847.6811467680806
7629.520344804182,720.3644823776675
6833.522264434728,717.6553180035837
8158.873570835073,767.45270964691
5701.80256500235,534.308099412671
5586.425543166948,524.1567372793472
