MEQ,PSQI,STAI,PANAS_positive,PANAS_negative,BIS,BAS
43.04720286382613,6.57249236315857,50.572410096740185,24.7530186483066,30.312433363262244,21.381899553937906,36.6147001292438
