melatonin,cortisol
14.171543303062547,15.654340852760136
14.14798920002529,15.965898408897242
13.695811214940358,15.4706963513438
17.036467081510665,13.378314364069993
16.572479808536443,14.43684798825262
