total_sleep_time,total_minutes_in_bed,WASO,awakenings,fragmentation_index
350.7986395014039,434.6852595346517,83.88662003324782,1,22.840876975535153
308.06436054744887,382.31924697919396,74.25488643174509,2,15.841779620759311
347.5108602614036,462.42731116031166,114.91645089890807,1,24.72262230513723
360.3764614361992,442.5413917028234,82.1649302666242,1,19.329767181200932
347.1423484573957,440.65061478527906,93.50826632788335,1,23.916016795782358
426.76104321305945,517.1564223908567,90.39537917779728,2,14.892304339861601
278.04154250287274,376.6782975306349,98.63675502776215,1,28.564847428511843
