steps,vector_magnitude
4672.087592253029,422.14562875025695
4593.910062509879,508.6542290068322
3531.618799500587,338.63800851631527
4119.107398273021,422.469604067715
4576.738876104,498.4679784266075
3852.107328575524,391.93641322116235
3312.3892261251226,330.92016600354964
