MEQ,PSQI,STAI,PANAS_positive,PANAS_negative,BIS,BAS
47.00624521879939,16.06173805795973,65.23472931265157,21.880266242289732,39.63284850715505,28.330143908463587,32.83550839541222
