melatonin,cortisol
4.162120548659446,24.84595339480311
4.563243384577352,21.582409275085464
4.365610808400863,22.65083838860552
4.28692401034653,23.056421866463545
4.351917612790661,24.586199477479948
