total_sleep_time,total_minutes_in_bed,WASO,awakenings,fragmentation_index
249.7815109082945,443.42940991178125,193.64789900348674,3,39.70962291164805
244.83987841989594,468.5353949003787,223.69551648048278,5,46.93320162558477
218.3316108728882,406.9654376167045,188.6338267438163,3,44.13726294797974
280.2540110909417,487.6495083951795,207.39549730423784,5,47.091147409856056
275.6310159280701,477.5231002973754,201.89208436930528,3,47.08744533097462
248.815617690136,447.67996613579544,198.86434844565943,5,39.47482620712764
299.29804196052635,515.879685162284,216.58164320175763,4,44.39945532505861
