steps,vector_magnitude
9433.90603404959,916.0253772418442
12372.524807834077,1264.90591965714
11393.94676921393,1103.5695687143846
9933.503565903073,1004.4994777630559
12050.515417286997,1212.3551573288219
9054.327013909171,919.5604324139131
10238.079387481073,1006.2584031193982
