MEQ,PSQI,STAI,PANAS_positive,PANAS_negative,BIS,BAS
52.35006581785157,4.325826675073257,37.44835681583206,41.169261564117114,16.70421471600314,21.214094098021185,25.288103493932958
