melatonin,cortisol
14.140564803307896,8.318159211107714
11.42840505909323,9.750557949970142
11.673511716047654,8.38887809446087
13.190664493727125,11.012588745370035
11.690727914123737,9.091201498281404
