total_sleep_time,total_minutes_in_bed,WASO,awakenings,fragmentation_index
375.0472950550234,439.99174954980344,64.94445449478002,1,18.61109260862891
417.67662318009945,440.07221044761513,22.39558726751568,1,6.464383662269299
374.3482230849102,398.22725559102537,23.879032506115152,1,3.422772613025571
423.862169285222,477.6158612753389,53.75369199011686,1,13.263288892283041
431.4863885193536,464.2951441289079,32.80875560955428,1,7.448067438837771
386.2244436993803,414.12543805295064,27.900994353570354,1,11.169573542668362
470.37244011628445,520.5779428703606,50.20550275407618,1,14.194395032309014
