steps,vector_magnitude
9392.565212127658,893.7530892063999
8753.292229298951,881.3322946744815
8968.269409301736,867.92521579506
9011.733701246387,880.4368447052287
7515.613738444014,702.9041974959462
6660.146221264336,662.212008607628
8211.892885593734,869.788489834864
