MEQ,PSQI,STAI,PANAS_positive,PANAS_negative,BIS,BAS
56.78434306121324,2.938268047563722,20.989434960819974,30.32827634684852,10.917520250520514,29.325423132639116,34.46787000578781
