melatonin,cortisol
16.318748717385127,8.847030562437718
15.12102106165779,8.918387058887708
13.901545043929772,9.735317887475636
19.89247883911416,8.045218653621086
19.548758926688908,9.263889534716176
