total_sleep_time,total_minutes_in_bed,WASO,awakenings,fragmentation_index
361.6527062565883,395.5536392613158,33.900933004727506,1,9.2662035605562
412.94071169176453,435.48262984946734,22.54191815770281,1,9.13088505422458
333.6066522790789,367.62939525883473,34.02274297975583,1,10.95738655080401
475.3242024252992,514.0485888400824,38.724386414783226,1,4.61299940557679
331.0262576102048,365.8476604296575,34.82140281945266,1,14.461724505205169
504.42424880706136,537.8827338965507,33.45848508948933,1,5.013998687465961
409.4837575553112,436.9871826391741,27.503425083862908,1,4.725987756972686
