steps,vector_magnitude
8123.009540056263,825.874469264273
10190.699698699642,1047.5331370616911
9223.104154154827,889.3281123376661
7978.174879294485,828.0109855941909
10210.943657273425,997.0780489935871
8720.728898236139,849.0251318789013
8029.349312312373,831.952836559657
