MEQ,PSQI,STAI,PANAS_positive,PANAS_negative,BIS,BAS
54.15950880436872,3.49209215131245,23.704226816593152,36.206526421984485,14.262009704622258,19.2175429667385,32.48829430254041
