melatonin,cortisol
15.443532624913493,14.662839496701867
15.036919344698536,14.07183588112897
17.43407234103005,11.512772150543992
15.662402231355125,14.078439164250183
17.35431862584429,12.405830295267787
