total_sleep_time,total_minutes_in_bed,WASO,awakenings,fragmentation_index
398.4783370556106,444.1551197118732,45.67678265626262,1,9.438061498579158
352.6592594811496,374.2587089159065,21.599449434756878,1,1.452122832616185
403.3488537345023,485.4254825185245,82.0766287840222,2,20.312988387741356
464.590285766444,487.3290322259379,22.738746459493882,1,5.184567020831529
486.9025160601073,510.74884984655677,23.846333786449463,1,7.9599290133926885
349.8255106964846,395.95247326340393,46.1269625669193,1,8.795969345807922
380.4892245394458,448.590233237378,68.10100869793223,2,10.393411349898846
