steps,vector_magnitude
8317.713831355582,823.2961991600886
8368.349382473092,860.1460353613271
9424.709564816898,988.6519594037063
9448.620241694449,931.0404025897923
7476.57984932071,717.6221970467742
7073.513514899969,750.1919374547631
7286.454426060383,697.7227151588236
