MEQ,PSQI,STAI,PANAS_positive,PANAS_negative,BIS,BAS
34.1152000938138,5.273503510488544,43.81948507146462,21.308917137246596,22.73472578421039,27.064446083124814,27.94638218063205
