melatonin,cortisol
7.509680478699026,15.177042330338013
9.359905632265226,14.31971045808564
8.009496157899688,13.538314783443148
8.986063548933872,15.142826093609694
7.310021791150486,15.3107414380899
