total_sleep_time,total_minutes_in_bed,WASO,awakenings,fragmentation_index
277.2195362441042,375.0601894336121,97.84065318950792,3,25.45525305899829
328.84537492284977,436.52235125237047,107.6769763295207,2,21.090876708967492
379.0441666055256,509.60513401083574,130.56096740531012,3,25.74968772725575
364.9826145156721,451.05630140125334,86.07368688558125,1,19.767853399761897
328.4942519398747,451.719670501361,123.22541856148632,2,25.186466295160095
366.6443473508703,448.37192166372046,81.72757431285015,1,16.735264468694627
378.0151742951982,482.5139366426816,104.49876234748336,1,22.18953266195828
