steps,vector_magnitude
5429.009282585214,494.6310962985917
5544.9967735255195,576.9381642338658
5923.109170287956,562.5479344146529
5902.274613576744,554.1867546720077
5254.962340421464,524.2432963915774
5395.299589247014,497.2822401325145
5412.8420393796,563.159861283198
