MEQ,PSQI,STAI,PANAS_positive,PANAS_negative,BIS,BAS
23.879969393690622,5.011141680326331,67.8227870358631,29.28949126277078,32.211100770342306,15.038955072019949,27.12072241107955
