melatonin,cortisol
8.813347157664952,17.917440255268914
10.92278633569933,17.734300817075248
9.570200104688762,17.889916623528674
9.391049440679536,15.65893606463043
12.087346201180482,15.78629020561291
