total_sleep_time,total_minutes_in_bed,WASO,awakenings,fragmentation_index
370.1846302170245,516.6560034818154,146.47137326479094,3,28.36082227378317
305.1731803648544,392.20884994991593,87.03566958506156,3,24.027212826352145
353.49028420019556,450.20731347864273,96.71702927844717,1,24.985686660042717
273.7725512498304,369.6445368083223,95.87198555849187,3,27.894448672430073
305.8719990295645,439.2207145800352,133.34871555047067,3,31.72946007942763
256.51539905543353,376.83194662494964,120.3165475695161,4,33.42120308207105
354.23449080074397,518.8519648652227,164.61747406447876,4,27.954685471287284
