steps,vector_magnitude
6880.258278153039,683.3435127910068
6881.607082554032,734.7094563447821
6541.908679999594,679.1490648673807
6875.56895845427,692.7519012652216
6532.6088867411445,701.9907922692042
5243.187486348448,493.4437480080563
5766.875610543128,625.0178300400001
