MEQ,PSQI,STAI,PANAS_positive,PANAS_negative,BIS,BAS
21.64294118213409,8.210523764844044,66.91012393259878,25.530130400486406,34.98542439906148,16.036927534413703,37.76005815299185
