melatonin,cortisol
14.05869919772356,15.235935649307365
16.640853226205113,15.741841285110995
13.559633219858956,17.394163586906128
14.693893745505298,14.626730872631864
13.060079275102495,13.877116137666139
