total_sleep_time,total_minutes_in_bed,WASO,awakenings,fragmentation_index
312.3287033446316,394.54961664078604,82.22091329615444,3,25.336775669616653
378.7426323291139,475.63650463095684,96.89387230184292,1,15.674072010945512
285.58570397579956,380.37496133334986,94.7892573575503,1,27.332072329255503
300.1433989690938,386.74112720543854,86.59772823634472,3,22.19146942522101
378.3360500173942,520.8814703334501,142.54542031605592,2,27.705657407589
405.718817940665,533.5625968107836,127.84377887011857,3,24.97051313326389
304.1419510344957,398.46305632184817,94.32110528735245,3,22.150132458614504
