steps,vector_magnitude
6583.095184905976,639.0039488231803
6052.276904641333,634.4144726069427
6714.10907492847,683.0857147015272
6948.756306188377,678.3511804630588
7739.756236149231,812.1584489970878
6134.7067393204525,612.2601991113588
5426.822454247146,582.8182314013848
