MEQ,PSQI,STAI,PANAS_positive,PANAS_negative,BIS,BAS
20.822150599560132,8.103177044213878,48.76766803817418,18.085048663638656,32.66870942600111,20.773304742254926,37.77807683883476
