melatonin,cortisol
11.359425381923328,11.850906742582616
14.751586213519639,10.304800394115452
12.856299645869703,11.310893331671476
13.647586772252621,11.611889229802985
14.037516911174734,10.602742997658307
