total_sleep_time,total_minutes_in_bed,WASO,awakenings,fragmentation_index
403.03285429082376,525.5918996569311,122.55904536610734,2,24.158226017964193
310.32821920014266,462.9476122341808,152.61939303403813,2,35.38448988248386
367.8755998771317,511.1804959514484,143.30489607431667,1,28.708488095584027
311.1696348898451,433.0700160491647,121.90038115931958,2,29.872483710646645
272.2821755623637,365.00102261764124,92.71884705527754,3,23.90336014283244
272.80900391322996,370.0036061989428,97.19460228571285,2,22.50026209321275
296.2267585880537,414.262396785669,118.0356381976153,3,28.693236120255854
