steps,vector_magnitude
6764.8710599832575,691.1938980842068
7680.293744837455,754.3603659714771
7023.266948742648,657.1651483523177
7521.813681756541,791.1489063565559
7174.4149242857475,701.8294074350888
6356.898802473749,642.3420054456558
6167.133580063028,645.8574685173377
