MEQ,PSQI,STAI,PANAS_positive,PANAS_negative,BIS,BAS
41.67729550293046,9.14592621334871,41.9385536691277,20.577031445802522,30.795305871413834,27.18023953331329,34.283155403576956
