melatonin,cortisol
13.731963766466578,13.443280917392201
13.932908545025178,13.094406135401284
13.725359968038457,10.903558808734928
15.528072995639283,13.326678071600767
13.605991882477458,11.656423590276106
