total_sleep_time,total_minutes_in_bed,WASO,awakenings,fragmentation_index
330.1181975724815,420.94384576078346,90.82564818830195,2,22.109025890435994
344.989293171199,466.5638254671323,121.5745322959333,1,22.110325865946848
434.2259160141914,533.7404017622086,99.51448574801725,2,18.07170836186289
299.69019207606516,408.9983451519657,109.30815307590052,2,31.334764954624582
274.50433097843757,392.74759532273424,118.24326434429668,2,25.376963854185945
258.66507518652406,360.72862435512775,102.06354916860369,2,31.416794399019278
306.00193949569194,396.6036695222888,90.60173002659684,2,24.32601483920594
