steps,vector_magnitude
2941.9694220216106,273.7626112225833
3793.2547871748375,329.38109566153565
3626.0778683165827,375.1629564384089
2996.589948093755,339.5652310518575
3320.0953184120876,356.2340409223428
3103.4104363405345,352.3818392557708
2585.269746772875,230.08740202035645
