MEQ,PSQI,STAI,PANAS_positive,PANAS_negative,BIS,BAS
33.044698896394976,19.2646756980102,67.32633325418719,16.66850026688458,40.173139545281714,15.87969943914969,25.69217856281553
