melatonin,cortisol
3.9857191634333717,30.954512479681238
5.223098026264724,25.548691414052534
4.08827326175625,28.410485071172253
3.834799882747133,25.893969405368445
4.248549246902947,28.898027237376855
