total_sleep_time,total_minutes_in_bed,WASO,awakenings,fragmentation_index
241.52734730318116,459.53172261680436,218.0043753136232,4,46.98594645099356
274.810165224452,510.0704767424691,235.2603115180171,4,47.14195181209158
225.58928091562757,425.4803431978089,199.89106228218134,4,45.49902783716492
272.48370005606523,483.54749661873694,211.0637965626717,4,47.967890069561506
220.58156896383701,414.7036436033441,194.1220746395071,4,48.8115999270273
233.59204550214417,422.5122656844812,188.920220182337,4,40.01668785567273
263.30682884925585,494.0591062984439,230.75227744918806,3,49.33779563725548
