steps,vector_magnitude
5585.091163008602,576.7360737048538
5743.882534932709,609.5346939612102
5645.99274365392,522.6036656846177
4919.808767136975,512.5713373982579
5667.212029660042,590.8109125448514
4594.280674142853,423.01690911545313
4106.889123812481,447.3893909460345
