MEQ,PSQI,STAI,PANAS_positive,PANAS_negative,BIS,BAS
29.407338508653428,8.020210677133893,59.83186352519135,23.688995115525607,31.48574513160488,21.257187084859794,34.4789270617317
