melatonin,cortisol
11.29823602233561,16.50465947679296
13.117602633737713,19.966190809264695
12.33583532944864,15.66617001070887
11.89734303904017,19.057793626963832
13.226719313253476,19.79748739998197
