total_sleep_time,total_minutes_in_bed,WASO,awakenings,fragmentation_index
367.6898905921702,453.3004046622993,85.61051407012911,1,17.979170371288866
376.39291937761027,462.54544623172734,86.15252685411707,2,21.786407420790177
309.83690119744824,395.1724321586883,85.33553096124007,2,24.352741602121107
303.1842846617036,391.6772618189055,88.49297715720189,3,22.155245354554715
391.24702085145304,464.70071814336654,73.4536972919135,1,16.997460986312525
298.7654214584397,395.351698185209,96.58627672676931,1,24.817310717995408
302.37829611644605,360.082826637784,57.70453052133797,1,19.589828732342532
