steps,vector_magnitude
13749.381247233978,1394.180379000952
14388.029589324595,1472.774212189056
13249.011439981217,1326.6476325322806
14952.03893623555,1480.2556282206726
13779.934953440625,1341.5091028279703
13403.343053726305,1388.6265226884175
13762.916985321013,1378.1518744799027
