MEQ,PSQI,STAI,PANAS_positive,PANAS_negative,BIS,BAS
48.64409982414123,0.1705757215075716,26.800984064885576,41.07244727448233,14.566177657874466,17.897878702851816,34.76955851177188
