melatonin,cortisol
22.182070404560406,6.757348853206078
25.179734690401364,5.356991189671701
29.918257720157683,6.323651503886812
23.533366518020316,6.582316576447252
30.752799904803695,6.798353120639316
