total_sleep_time,total_minutes_in_bed,WASO,awakenings,fragmentation_index
402.1518557962299,443.2887226987528,41.13686690252291,1,10.612018178895811
445.921961518498,473.44878195667525,27.526820438177253,1,7.636644056888558
486.6611755401934,471.3975326437625,-15.263642896430952,1,0.0
526.5541603592845,527.8586643317021,1.3045039724175922,1,0.0
489.5995614047968,519.8451793750762,30.245617970279397,1,8.778769091249336
419.45151359293885,424.27138284148754,4.8198692485486845,1,2.542806464889189
374.1896009822729,365.12586644590334,-9.063734536369566,1,0.0
