steps,vector_magnitude
4704.772734779116,479.4909190314801
5291.295359109246,517.7047792435543
5906.380492246297,605.8844120686799
5627.276155093601,539.0150572672491
5956.851888071321,594.7868399802435
4441.540915721329,439.1935269245485
5057.405566269799,487.8581935048188
