MEQ,PSQI,STAI,PANAS_positive,PANAS_negative,BIS,BAS
31.92488100809646,7.98586881579516,41.12835128028673,25.938829222682312,44.66080175019437,17.525598812577464,34.857275017850625
