melatonin,cortisol
17.889143393159294,15.724549408917364
14.26309364205865,15.439806627249245
17.966370212460816,17.12688729389666
16.498208871715413,14.225440548344844
16.69398666381149,13.73875517724971
