total_sleep_time,total_minutes_in_bed,WASO,awakenings,fragmentation_index
389.29561041353617,497.92110597418605,108.62549556064988,3,23.144239146196607
317.25221046715853,394.0549856437288,76.80277517657026,1,20.304147638217405
328.5173410692743,438.9049663327819,110.38762526350757,1,28.51234622308911
275.63813141510605,395.4633640082671,119.82523259316105,3,26.809084762846094
309.38562377181813,385.4748741351006,76.08925036328247,1,18.230024143097424
384.4739801800543,518.5919100659811,134.1179298859268,3,21.665315235300852
277.6388332634331,369.50761479123486,91.86878152780173,1,22.618769914017776
