steps,vector_magnitude
12510.546019252764,1293.199439599234
9861.75766383574,976.1038375597606
10460.85386111901,1009.2184475235479
11757.43080102827,1210.1311398399241
9718.193177305619,963.2000218323002
8555.883978351276,813.1981716426258
8171.657904756804,790.0926090238846
