MEQ,PSQI,STAI,PANAS_positive,PANAS_negative,BIS,BAS
35.5092775814158,1.2894064724506176,21.629807328425986,33.60447635965194,16.39109669027939,27.58429902882578,32.95944683335942
