melatonin,cortisol
25.613395649638715,4.972662204769279
27.165095136473646,5.601811259728004
23.607877149803777,5.111792443591228
28.014350690730367,4.671817665209934
27.042579143501836,5.318670736806891
