total_sleep_time,total_minutes_in_bed,WASO,awakenings,fragmentation_index
460.9931356317993,501.43670980088837,40.44357416908906,1,12.522760674362528
409.3628805678895,411.6914432943109,2.32856272642141,1,0.0
362.8855246161957,369.1995597187154,6.314035102519711,1,1.2708487166440712
473.289170886145,529.8572994303247,56.56812854417973,1,8.71764610003358
478.7198328028969,529.5611173291054,50.84128452620848,1,4.633632685586448
458.5597228443357,447.77624160589494,-10.783481238440743,1,0.0
454.0185299795935,457.4489261056499,3.4303961260563938,1,0.0
