steps,vector_magnitude
6129.790717765116,575.6573249776154
7133.302751173021,727.182522560395
7371.355074320698,736.3129910539212
7105.327829207026,685.2981123662189
7611.727026071451,782.1880785671234
5488.886638719194,555.153371859076
6710.514460852318,696.967383316343
