MEQ,PSQI,STAI,PANAS_positive,PANAS_negative,BIS,BAS
32.75947691548062,10.721960183675263,54.43298113987924,26.36489395192058,43.23021378632575,20.407098343172898,40.96147966718157
