melatonin,cortisol
13.318984201474121,18.27876071352247
14.005866049762695,18.455316425116145
11.807955236539742,16.57193069849202
14.970652823763624,15.055056989765314
15.242265975680283,16.686811523800753
