total_sleep_time,total_minutes_in_bed,WASO,awakenings,fragmentation_index
258.9722166110664,365.2939443933336,106.3217277822672,1,32.296107292766905
312.4026537220355,450.2042689784411,137.80161525640563,2,32.10928536614742
401.9392870447316,532.5869851562131,130.64769811148153,2,27.131179555828975
269.98210007131365,367.89054122561146,97.9084411542978,1,22.88135657399139
353.81135637769046,494.14181663010413,140.33046025241367,2,30.44560754700761
355.4096164055246,510.92353720768125,155.51392080215663,3,28.883252851103755
371.64578684492835,492.73284299857755,121.0870561536492,2,22.65828258659542
