steps,vector_magnitude
9002.926321485078,947.3930097894917
8119.418938918141,858.5203435713573
9546.268524590178,909.222701079755
8000.431688937415,779.7916197356022
9331.91335275529,919.9882147357894
7952.262221469474,813.5985147825758
7038.31268245027,720.082840978898
