MEQ,PSQI,STAI,PANAS_positive,PANAS_negative,BIS,BAS
63.67354804809372,5.168112245310644,39.055130137437196,33.23767368640824,10.752348181904468,16.037620532957355,26.820679503161692
