melatonin,cortisol
12.939270767604755,9.033021443266954
11.989796795011179,9.07489380497186
13.446086727976759,10.65153197474056
14.859568974104063,11.416303960649854
11.168296723994539,9.459470458606454
