total_sleep_time,total_minutes_in_bed,WASO,awakenings,fragmentation_index
462.2401702695667,536.1961675216011,73.95599725203436,2,14.524290682149221
365.1687672747609,436.2115594659899,71.04279219122901,2,17.16656078699431
316.6132139325599,400.37296810505507,83.75975417249515,2,22.36126443419232
318.431699816696,377.40856669645393,58.97686687975795,1,13.250956091453784
356.5232048185718,407.9204962588793,51.39729144030753,1,11.571985275111583
364.6841330842335,404.2369219192184,39.55278883498488,1,6.620243972180797
361.93561846405106,414.6044311000087,52.668812635957636,1,8.243834325564757
