steps,vector_magnitude
8870.59323746205,897.0443399658435
9206.15419815247,933.627411402877
8761.91159624026,911.7044027246616
7565.914252489258,714.8230607792211
7896.27844196234,796.5164319018146
7276.827642521796,742.552419915757
7839.622914242546,741.3616149403177
