MEQ,PSQI,STAI,PANAS_positive,PANAS_negative,BIS,BAS
45.288593623122416,5.046766296573484,21.254510884200805,36.59214984547869,12.715113779368144,20.853571503193386,35.65760209675611
