melatonin,cortisol
16.35267602522359,8.420775646098683
15.145075794879295,10.370606631767098
13.779133737565415,8.094727441167453
11.67961020225507,8.843566384686659
16.72597810905683,8.563664799369903
