total_sleep_time,total_minutes_in_bed,WASO,awakenings,fragmentation_index
412.21367948555485,453.2134910358412,40.999811550286324,1,6.685795161289872
344.7453107657422,390.8356842759135,46.090373510171275,1,16.76958390930149
467.36107448867665,532.7314013452989,65.37032685662223,1,16.1060694824043
398.8299918203782,429.7104981486299,30.88050632825167,1,3.2102054886538403
379.7896247200619,421.56918543732706,41.779560717265156,1,5.561274709452178
453.2184017840224,476.3770260716776,23.158624287655243,1,5.034774131712161
350.44741999278637,406.5909286559996,56.143508663213254,2,12.520617712540894
